result,request,answer
success,2017-10-23T14:00:59,2017-10-23T14:01:07
success,2017-10-23T14:00:59,2017-10-23T14:01:07
success,2017-10-23T14:00:59,2017-10-23T14:01:07
success,2017-10-23T14:00:59,2017-10-23T14:01:07
success,2017-10-23T14:00:59,2017-10-23T14:01:07
success,2017-10-23T14:01:07,2017-10-23T14:01:15
success,2017-10-23T14:01:07,2017-10-23T14:01:15
success,2017-10-23T14:01:07,2017-10-23T14:01:15
success,2017-10-23T14:01:07,2017-10-23T14:01:15
success,2017-10-23T14:01:07,2017-10-23T14:01:15
success,2017-10-23T14:01:07,2017-10-23T14:01:23
success,2017-10-23T14:01:07,2017-10-23T14:01:23
success,2017-10-23T14:01:07,2017-10-23T14:01:23
success,2017-10-23T14:01:07,2017-10-23T14:01:23
success,2017-10-23T14:01:07,2017-10-23T14:01:23
success,2017-10-23T14:01:07,2017-10-23T14:01:31
success,2017-10-23T14:01:07,2017-10-23T14:01:31
success,2017-10-23T14:01:07,2017-10-23T14:01:31
success,2017-10-23T14:01:07,2017-10-23T14:01:31
success,2017-10-23T14:01:07,2017-10-23T14:01:31
success,2017-10-23T14:01:07,2017-10-23T14:01:39
success,2017-10-23T14:01:07,2017-10-23T14:01:39
success,2017-10-23T14:01:07,2017-10-23T14:01:39
success,2017-10-23T14:01:07,2017-10-23T14:01:39
success,2017-10-23T14:01:07,2017-10-23T14:01:39
success,2017-10-23T14:01:08,2017-10-23T14:01:47
success,2017-10-23T14:01:08,2017-10-23T14:01:47
success,2017-10-23T14:01:08,2017-10-23T14:01:47
success,2017-10-23T14:01:08,2017-10-23T14:01:47
success,2017-10-23T14:01:07,2017-10-23T14:01:47
success,2017-10-23T14:01:08,2017-10-23T14:01:55
success,2017-10-23T14:01:08,2017-10-23T14:01:55
success,2017-10-23T14:01:08,2017-10-23T14:01:55
success,2017-10-23T14:01:08,2017-10-23T14:01:56
success,2017-10-23T14:01:08,2017-10-23T14:01:56
success,2017-10-23T14:01:55,2017-10-23T14:02:03
success,2017-10-23T14:01:55,2017-10-23T14:02:03
success,2017-10-23T14:01:56,2017-10-23T14:02:03
success,2017-10-23T14:01:56,2017-10-23T14:02:03
success,2017-10-23T14:02:03,2017-10-23T14:02:11
success,2017-10-23T14:02:03,2017-10-23T14:02:11
success,2017-10-23T14:02:03,2017-10-23T14:02:11
success,2017-10-23T14:02:11,2017-10-23T14:02:19
success,2017-10-23T14:00:59,2017-10-23T14:03:56
success,2017-10-23T14:00:59,2017-10-23T14:03:57
success,2017-10-23T14:00:59,2017-10-23T14:03:57
success,2017-10-23T14:00:59,2017-10-23T14:03:57
success,2017-10-23T14:00:59,2017-10-23T14:03:57
success,2017-10-23T14:03:56,2017-10-23T14:04:04
success,2017-10-23T14:03:57,2017-10-23T14:04:05
success,2017-10-23T14:03:57,2017-10-23T14:04:05
success,2017-10-23T14:03:57,2017-10-23T14:04:05
success,2017-10-23T14:03:57,2017-10-23T14:04:05
success,2017-10-23T14:01:05,2017-10-23T14:04:13
success,2017-10-23T14:04:04,2017-10-23T14:04:13
success,2017-10-23T14:04:05,2017-10-23T14:04:13
success,2017-10-23T14:04:05,2017-10-23T14:04:13
success,2017-10-23T14:04:05,2017-10-23T14:04:13
success,2017-10-23T14:04:13,2017-10-23T14:04:21
success,2017-10-23T14:04:13,2017-10-23T14:04:21
success,2017-10-23T14:04:21,2017-10-23T14:04:29
success,2017-10-23T14:00:59,2017-10-23T14:05:58
success,2017-10-23T14:00:59,2017-10-23T14:05:59
success,2017-10-23T14:00:59,2017-10-23T14:05:59
success,2017-10-23T14:00:59,2017-10-23T14:05:59
success,2017-10-23T14:05:58,2017-10-23T14:06:06
success,2017-10-23T14:05:59,2017-10-23T14:06:07
success,2017-10-23T14:05:59,2017-10-23T14:06:07
success,2017-10-23T14:05:59,2017-10-23T14:06:07
success,2017-10-23T14:06:06,2017-10-23T14:06:14
success,2017-10-23T14:01:07,2017-10-23T14:06:15
success,2017-10-23T14:06:07,2017-10-23T14:06:15
success,2017-10-23T14:06:07,2017-10-23T14:06:15
success,2017-10-23T14:06:15,2017-10-23T14:06:23
success,2017-10-23T14:01:15,2017-10-23T14:06:23
success,2017-10-23T14:06:23,2017-10-23T14:06:31
success,2017-10-23T14:06:23,2017-10-23T14:06:31
success,2017-10-23T14:01:31,2017-10-23T14:06:39
success,2017-10-23T14:06:31,2017-10-23T14:06:40
success,2017-10-23T14:01:39,2017-10-23T14:06:47
success,2017-10-23T14:01:47,2017-10-23T14:06:55
success,2017-10-23T14:00:59,2017-10-23T14:06:56
success,2017-10-23T14:00:59,2017-10-23T14:06:56
success,2017-10-23T14:00:59,2017-10-23T14:06:57
error,2017-10-23T14:00:59,2017-10-23T14:06:59
error,2017-10-23T14:00:59,2017-10-23T14:06:59
error,2017-10-23T14:00:59,2017-10-23T14:06:59
error,2017-10-23T14:00:59,2017-10-23T14:06:59
error,2017-10-23T14:00:59,2017-10-23T14:06:59
error,2017-10-23T14:00:59,2017-10-23T14:06:59
error,2017-10-23T14:00:59,2017-10-23T14:06:59
error,2017-10-23T14:00:59,2017-10-23T14:06:59
error,2017-10-23T14:00:59,2017-10-23T14:06:59
error,2017-10-23T14:00:59,2017-10-23T14:06:59
error,2017-10-23T14:00:59,2017-10-23T14:06:59
error,2017-10-23T14:00:59,2017-10-23T14:06:59
error,2017-10-23T14:00:59,2017-10-23T14:06:59
error,2017-10-23T14:00:59,2017-10-23T14:06:59
error,2017-10-23T14:00:59,2017-10-23T14:06:59
error,2017-10-23T14:00:59,2017-10-23T14:06:59
error,2017-10-23T14:00:59,2017-10-23T14:06:59
error,2017-10-23T14:00:59,2017-10-23T14:06:59
error,2017-10-23T14:00:59,2017-10-23T14:06:59
error,2017-10-23T14:00:59,2017-10-23T14:06:59
error,2017-10-23T14:00:59,2017-10-23T14:06:59
error,2017-10-23T14:00:59,2017-10-23T14:06:59
error,2017-10-23T14:00:59,2017-10-23T14:06:59
error,2017-10-23T14:00:59,2017-10-23T14:06:59
error,2017-10-23T14:00:59,2017-10-23T14:07:00
error,2017-10-23T14:00:59,2017-10-23T14:07:00
error,2017-10-23T14:00:59,2017-10-23T14:07:00
error,2017-10-23T14:01:00,2017-10-23T14:07:00
error,2017-10-23T14:01:00,2017-10-23T14:07:00
error,2017-10-23T14:01:00,2017-10-23T14:07:00
error,2017-10-23T14:01:00,2017-10-23T14:07:00
error,2017-10-23T14:01:00,2017-10-23T14:07:00
error,2017-10-23T14:01:00,2017-10-23T14:07:00
error,2017-10-23T14:01:00,2017-10-23T14:07:00
error,2017-10-23T14:01:00,2017-10-23T14:07:00
error,2017-10-23T14:01:00,2017-10-23T14:07:00
error,2017-10-23T14:01:00,2017-10-23T14:07:00
error,2017-10-23T14:01:00,2017-10-23T14:07:00
error,2017-10-23T14:01:00,2017-10-23T14:07:00
error,2017-10-23T14:01:00,2017-10-23T14:07:00
error,2017-10-23T14:01:00,2017-10-23T14:07:00
error,2017-10-23T14:01:00,2017-10-23T14:07:00
error,2017-10-23T14:01:00,2017-10-23T14:07:00
error,2017-10-23T14:01:00,2017-10-23T14:07:00
error,2017-10-23T14:01:00,2017-10-23T14:07:00
error,2017-10-23T14:01:00,2017-10-23T14:07:00
error,2017-10-23T14:01:00,2017-10-23T14:07:00
error,2017-10-23T14:01:00,2017-10-23T14:07:00
error,2017-10-23T14:01:00,2017-10-23T14:07:00
error,2017-10-23T14:01:00,2017-10-23T14:07:00
error,2017-10-23T14:01:00,2017-10-23T14:07:00
error,2017-10-23T14:01:00,2017-10-23T14:07:00
error,2017-10-23T14:01:00,2017-10-23T14:07:00
error,2017-10-23T14:01:00,2017-10-23T14:07:00
error,2017-10-23T14:01:00,2017-10-23T14:07:00
error,2017-10-23T14:01:00,2017-10-23T14:07:00
error,2017-10-23T14:01:00,2017-10-23T14:07:00
error,2017-10-23T14:01:00,2017-10-23T14:07:00
error,2017-10-23T14:01:00,2017-10-23T14:07:00
error,2017-10-23T14:01:00,2017-10-23T14:07:00
error,2017-10-23T14:01:00,2017-10-23T14:07:00
error,2017-10-23T14:01:00,2017-10-23T14:07:00
error,2017-10-23T14:01:00,2017-10-23T14:07:00
error,2017-10-23T14:01:00,2017-10-23T14:07:00
error,2017-10-23T14:01:00,2017-10-23T14:07:00
error,2017-10-23T14:01:00,2017-10-23T14:07:00
error,2017-10-23T14:01:00,2017-10-23T14:07:00
error,2017-10-23T14:01:00,2017-10-23T14:07:00
error,2017-10-23T14:01:00,2017-10-23T14:07:00
error,2017-10-23T14:01:00,2017-10-23T14:07:00
error,2017-10-23T14:01:00,2017-10-23T14:07:00
error,2017-10-23T14:01:00,2017-10-23T14:07:00
error,2017-10-23T14:01:00,2017-10-23T14:07:00
error,2017-10-23T14:01:00,2017-10-23T14:07:00
error,2017-10-23T14:01:00,2017-10-23T14:07:00
error,2017-10-23T14:01:00,2017-10-23T14:07:00
error,2017-10-23T14:01:00,2017-10-23T14:07:00
error,2017-10-23T14:01:00,2017-10-23T14:07:00
error,2017-10-23T14:01:00,2017-10-23T14:07:00
error,2017-10-23T14:01:00,2017-10-23T14:07:00
error,2017-10-23T14:01:00,2017-10-23T14:07:00
error,2017-10-23T14:01:00,2017-10-23T14:07:00
error,2017-10-23T14:01:00,2017-10-23T14:07:00
error,2017-10-23T14:01:00,2017-10-23T14:07:00
error,2017-10-23T14:01:00,2017-10-23T14:07:00
error,2017-10-23T14:01:00,2017-10-23T14:07:00
error,2017-10-23T14:01:00,2017-10-23T14:07:00
error,2017-10-23T14:01:00,2017-10-23T14:07:00
error,2017-10-23T14:01:00,2017-10-23T14:07:00
error,2017-10-23T14:01:00,2017-10-23T14:07:00
error,2017-10-23T14:01:00,2017-10-23T14:07:00
error,2017-10-23T14:01:00,2017-10-23T14:07:00
error,2017-10-23T14:01:00,2017-10-23T14:07:00
error,2017-10-23T14:01:00,2017-10-23T14:07:00
error,2017-10-23T14:01:00,2017-10-23T14:07:00
error,2017-10-23T14:01:00,2017-10-23T14:07:00
error,2017-10-23T14:01:00,2017-10-23T14:07:00
error,2017-10-23T14:01:00,2017-10-23T14:07:00
error,2017-10-23T14:01:00,2017-10-23T14:07:00
error,2017-10-23T14:01:00,2017-10-23T14:07:00
error,2017-10-23T14:01:00,2017-10-23T14:07:00
error,2017-10-23T14:01:00,2017-10-23T14:07:00
error,2017-10-23T14:01:00,2017-10-23T14:07:00
error,2017-10-23T14:01:00,2017-10-23T14:07:00
error,2017-10-23T14:01:00,2017-10-23T14:07:00
error,2017-10-23T14:01:00,2017-10-23T14:07:00
error,2017-10-23T14:01:00,2017-10-23T14:07:00
error,2017-10-23T14:01:00,2017-10-23T14:07:00
error,2017-10-23T14:01:00,2017-10-23T14:07:00
error,2017-10-23T14:01:00,2017-10-23T14:07:00
error,2017-10-23T14:01:00,2017-10-23T14:07:00
error,2017-10-23T14:01:00,2017-10-23T14:07:00
error,2017-10-23T14:01:00,2017-10-23T14:07:00
error,2017-10-23T14:01:00,2017-10-23T14:07:00
error,2017-10-23T14:01:00,2017-10-23T14:07:00
error,2017-10-23T14:01:00,2017-10-23T14:07:00
error,2017-10-23T14:01:00,2017-10-23T14:07:00
error,2017-10-23T14:01:00,2017-10-23T14:07:00
error,2017-10-23T14:01:00,2017-10-23T14:07:00
error,2017-10-23T14:01:00,2017-10-23T14:07:00
error,2017-10-23T14:01:00,2017-10-23T14:07:00
error,2017-10-23T14:01:00,2017-10-23T14:07:00
error,2017-10-23T14:01:00,2017-10-23T14:07:00
error,2017-10-23T14:01:00,2017-10-23T14:07:00
error,2017-10-23T14:01:00,2017-10-23T14:07:00
error,2017-10-23T14:01:00,2017-10-23T14:07:00
error,2017-10-23T14:01:00,2017-10-23T14:07:00
error,2017-10-23T14:01:00,2017-10-23T14:07:00
error,2017-10-23T14:01:00,2017-10-23T14:07:00
error,2017-10-23T14:01:00,2017-10-23T14:07:00
error,2017-10-23T14:01:00,2017-10-23T14:07:00
error,2017-10-23T14:01:00,2017-10-23T14:07:00
error,2017-10-23T14:01:00,2017-10-23T14:07:00
error,2017-10-23T14:01:00,2017-10-23T14:07:00
error,2017-10-23T14:01:00,2017-10-23T14:07:00
error,2017-10-23T14:01:00,2017-10-23T14:07:00
error,2017-10-23T14:01:00,2017-10-23T14:07:00
error,2017-10-23T14:01:00,2017-10-23T14:07:00
error,2017-10-23T14:01:00,2017-10-23T14:07:00
error,2017-10-23T14:01:00,2017-10-23T14:07:00
error,2017-10-23T14:01:00,2017-10-23T14:07:00
error,2017-10-23T14:01:00,2017-10-23T14:07:00
error,2017-10-23T14:01:00,2017-10-23T14:07:00
error,2017-10-23T14:01:00,2017-10-23T14:07:00
error,2017-10-23T14:01:00,2017-10-23T14:07:00
error,2017-10-23T14:01:00,2017-10-23T14:07:00
error,2017-10-23T14:01:00,2017-10-23T14:07:00
error,2017-10-23T14:01:00,2017-10-23T14:07:00
error,2017-10-23T14:01:00,2017-10-23T14:07:00
error,2017-10-23T14:01:00,2017-10-23T14:07:00
error,2017-10-23T14:01:00,2017-10-23T14:07:00
error,2017-10-23T14:01:00,2017-10-23T14:07:00
error,2017-10-23T14:01:00,2017-10-23T14:07:00
error,2017-10-23T14:01:00,2017-10-23T14:07:00
error,2017-10-23T14:01:00,2017-10-23T14:07:00
error,2017-10-23T14:01:00,2017-10-23T14:07:00
error,2017-10-23T14:01:00,2017-10-23T14:07:00
error,2017-10-23T14:01:00,2017-10-23T14:07:00
error,2017-10-23T14:01:00,2017-10-23T14:07:00
error,2017-10-23T14:01:00,2017-10-23T14:07:00
error,2017-10-23T14:01:00,2017-10-23T14:07:00
error,2017-10-23T14:01:00,2017-10-23T14:07:00
error,2017-10-23T14:01:00,2017-10-23T14:07:00
error,2017-10-23T14:01:00,2017-10-23T14:07:00
error,2017-10-23T14:01:00,2017-10-23T14:07:00
error,2017-10-23T14:01:00,2017-10-23T14:07:00
error,2017-10-23T14:01:00,2017-10-23T14:07:00
error,2017-10-23T14:01:00,2017-10-23T14:07:00
error,2017-10-23T14:01:00,2017-10-23T14:07:00
error,2017-10-23T14:01:00,2017-10-23T14:07:00
error,2017-10-23T14:01:00,2017-10-23T14:07:00
error,2017-10-23T14:01:00,2017-10-23T14:07:00
error,2017-10-23T14:01:00,2017-10-23T14:07:00
error,2017-10-23T14:01:00,2017-10-23T14:07:00
error,2017-10-23T14:01:00,2017-10-23T14:07:00
error,2017-10-23T14:01:00,2017-10-23T14:07:00
error,2017-10-23T14:01:00,2017-10-23T14:07:00
error,2017-10-23T14:01:00,2017-10-23T14:07:00
error,2017-10-23T14:01:00,2017-10-23T14:07:00
error,2017-10-23T14:01:00,2017-10-23T14:07:00
error,2017-10-23T14:01:00,2017-10-23T14:07:00
error,2017-10-23T14:01:00,2017-10-23T14:07:00
error,2017-10-23T14:01:00,2017-10-23T14:07:00
error,2017-10-23T14:01:00,2017-10-23T14:07:00
error,2017-10-23T14:01:00,2017-10-23T14:07:00
error,2017-10-23T14:01:00,2017-10-23T14:07:00
error,2017-10-23T14:01:00,2017-10-23T14:07:00
error,2017-10-23T14:01:00,2017-10-23T14:07:00
error,2017-10-23T14:01:00,2017-10-23T14:07:00
error,2017-10-23T14:01:00,2017-10-23T14:07:00
error,2017-10-23T14:01:00,2017-10-23T14:07:00
error,2017-10-23T14:01:00,2017-10-23T14:07:00
error,2017-10-23T14:01:00,2017-10-23T14:07:00
error,2017-10-23T14:01:00,2017-10-23T14:07:00
error,2017-10-23T14:01:00,2017-10-23T14:07:00
error,2017-10-23T14:01:00,2017-10-23T14:07:00
error,2017-10-23T14:01:00,2017-10-23T14:07:00
error,2017-10-23T14:01:00,2017-10-23T14:07:00
error,2017-10-23T14:01:00,2017-10-23T14:07:00
error,2017-10-23T14:01:00,2017-10-23T14:07:00
error,2017-10-23T14:01:00,2017-10-23T14:07:00
error,2017-10-23T14:01:00,2017-10-23T14:07:00
error,2017-10-23T14:01:00,2017-10-23T14:07:01
error,2017-10-23T14:01:00,2017-10-23T14:07:01
error,2017-10-23T14:01:00,2017-10-23T14:07:01
error,2017-10-23T14:01:00,2017-10-23T14:07:01
error,2017-10-23T14:01:00,2017-10-23T14:07:01
error,2017-10-23T14:01:01,2017-10-23T14:07:01
error,2017-10-23T14:01:01,2017-10-23T14:07:01
error,2017-10-23T14:01:01,2017-10-23T14:07:01
error,2017-10-23T14:01:01,2017-10-23T14:07:01
error,2017-10-23T14:01:01,2017-10-23T14:07:01
error,2017-10-23T14:01:01,2017-10-23T14:07:01
error,2017-10-23T14:01:01,2017-10-23T14:07:01
error,2017-10-23T14:01:01,2017-10-23T14:07:01
error,2017-10-23T14:01:01,2017-10-23T14:07:01
error,2017-10-23T14:01:01,2017-10-23T14:07:01
error,2017-10-23T14:01:01,2017-10-23T14:07:01
error,2017-10-23T14:01:01,2017-10-23T14:07:01
error,2017-10-23T14:01:01,2017-10-23T14:07:01
error,2017-10-23T14:01:01,2017-10-23T14:07:01
error,2017-10-23T14:01:01,2017-10-23T14:07:01
error,2017-10-23T14:01:01,2017-10-23T14:07:01
error,2017-10-23T14:01:01,2017-10-23T14:07:01
error,2017-10-23T14:01:01,2017-10-23T14:07:01
error,2017-10-23T14:01:01,2017-10-23T14:07:01
error,2017-10-23T14:01:01,2017-10-23T14:07:01
error,2017-10-23T14:01:01,2017-10-23T14:07:01
error,2017-10-23T14:01:01,2017-10-23T14:07:01
error,2017-10-23T14:01:01,2017-10-23T14:07:01
error,2017-10-23T14:01:01,2017-10-23T14:07:01
error,2017-10-23T14:01:01,2017-10-23T14:07:01
error,2017-10-23T14:01:01,2017-10-23T14:07:01
error,2017-10-23T14:01:01,2017-10-23T14:07:01
error,2017-10-23T14:01:01,2017-10-23T14:07:01
error,2017-10-23T14:01:01,2017-10-23T14:07:01
error,2017-10-23T14:01:01,2017-10-23T14:07:01
error,2017-10-23T14:01:01,2017-10-23T14:07:01
error,2017-10-23T14:01:01,2017-10-23T14:07:01
error,2017-10-23T14:01:01,2017-10-23T14:07:01
error,2017-10-23T14:01:01,2017-10-23T14:07:01
error,2017-10-23T14:01:01,2017-10-23T14:07:01
error,2017-10-23T14:01:01,2017-10-23T14:07:01
error,2017-10-23T14:01:01,2017-10-23T14:07:01
error,2017-10-23T14:01:01,2017-10-23T14:07:01
error,2017-10-23T14:01:01,2017-10-23T14:07:01
error,2017-10-23T14:01:01,2017-10-23T14:07:01
error,2017-10-23T14:01:01,2017-10-23T14:07:01
error,2017-10-23T14:01:01,2017-10-23T14:07:01
error,2017-10-23T14:01:01,2017-10-23T14:07:01
error,2017-10-23T14:01:01,2017-10-23T14:07:01
error,2017-10-23T14:01:01,2017-10-23T14:07:01
error,2017-10-23T14:01:01,2017-10-23T14:07:01
error,2017-10-23T14:01:01,2017-10-23T14:07:01
error,2017-10-23T14:01:01,2017-10-23T14:07:01
error,2017-10-23T14:01:01,2017-10-23T14:07:01
error,2017-10-23T14:01:01,2017-10-23T14:07:01
error,2017-10-23T14:01:01,2017-10-23T14:07:01
error,2017-10-23T14:01:01,2017-10-23T14:07:01
error,2017-10-23T14:01:01,2017-10-23T14:07:01
error,2017-10-23T14:01:01,2017-10-23T14:07:01
error,2017-10-23T14:01:01,2017-10-23T14:07:01
error,2017-10-23T14:01:01,2017-10-23T14:07:01
error,2017-10-23T14:01:01,2017-10-23T14:07:01
error,2017-10-23T14:01:01,2017-10-23T14:07:01
error,2017-10-23T14:01:01,2017-10-23T14:07:01
error,2017-10-23T14:01:01,2017-10-23T14:07:01
error,2017-10-23T14:01:01,2017-10-23T14:07:01
error,2017-10-23T14:01:01,2017-10-23T14:07:01
error,2017-10-23T14:01:01,2017-10-23T14:07:01
error,2017-10-23T14:01:01,2017-10-23T14:07:01
error,2017-10-23T14:01:01,2017-10-23T14:07:01
error,2017-10-23T14:01:01,2017-10-23T14:07:01
error,2017-10-23T14:01:01,2017-10-23T14:07:01
error,2017-10-23T14:01:01,2017-10-23T14:07:01
error,2017-10-23T14:01:01,2017-10-23T14:07:01
error,2017-10-23T14:01:01,2017-10-23T14:07:01
error,2017-10-23T14:01:01,2017-10-23T14:07:01
error,2017-10-23T14:01:01,2017-10-23T14:07:01
error,2017-10-23T14:01:01,2017-10-23T14:07:01
error,2017-10-23T14:01:01,2017-10-23T14:07:01
error,2017-10-23T14:01:01,2017-10-23T14:07:01
error,2017-10-23T14:01:01,2017-10-23T14:07:01
error,2017-10-23T14:01:01,2017-10-23T14:07:01
error,2017-10-23T14:01:01,2017-10-23T14:07:01
error,2017-10-23T14:01:01,2017-10-23T14:07:01
error,2017-10-23T14:01:01,2017-10-23T14:07:01
error,2017-10-23T14:01:01,2017-10-23T14:07:01
error,2017-10-23T14:01:01,2017-10-23T14:07:01
error,2017-10-23T14:01:01,2017-10-23T14:07:01
error,2017-10-23T14:01:01,2017-10-23T14:07:01
error,2017-10-23T14:01:01,2017-10-23T14:07:01
error,2017-10-23T14:01:01,2017-10-23T14:07:01
error,2017-10-23T14:01:01,2017-10-23T14:07:01
error,2017-10-23T14:01:01,2017-10-23T14:07:01
error,2017-10-23T14:01:01,2017-10-23T14:07:01
error,2017-10-23T14:01:01,2017-10-23T14:07:01
error,2017-10-23T14:01:01,2017-10-23T14:07:01
error,2017-10-23T14:01:01,2017-10-23T14:07:01
error,2017-10-23T14:01:01,2017-10-23T14:07:01
error,2017-10-23T14:01:01,2017-10-23T14:07:01
error,2017-10-23T14:01:01,2017-10-23T14:07:01
error,2017-10-23T14:01:01,2017-10-23T14:07:01
error,2017-10-23T14:01:01,2017-10-23T14:07:01
error,2017-10-23T14:01:01,2017-10-23T14:07:01
error,2017-10-23T14:01:01,2017-10-23T14:07:01
error,2017-10-23T14:01:01,2017-10-23T14:07:01
error,2017-10-23T14:01:01,2017-10-23T14:07:01
error,2017-10-23T14:01:01,2017-10-23T14:07:01
error,2017-10-23T14:01:01,2017-10-23T14:07:01
error,2017-10-23T14:01:01,2017-10-23T14:07:01
error,2017-10-23T14:01:01,2017-10-23T14:07:01
error,2017-10-23T14:01:01,2017-10-23T14:07:01
error,2017-10-23T14:01:01,2017-10-23T14:07:01
error,2017-10-23T14:01:01,2017-10-23T14:07:01
error,2017-10-23T14:01:01,2017-10-23T14:07:01
error,2017-10-23T14:01:01,2017-10-23T14:07:01
error,2017-10-23T14:01:01,2017-10-23T14:07:01
error,2017-10-23T14:01:01,2017-10-23T14:07:01
error,2017-10-23T14:01:01,2017-10-23T14:07:01
error,2017-10-23T14:01:01,2017-10-23T14:07:01
error,2017-10-23T14:01:01,2017-10-23T14:07:01
error,2017-10-23T14:01:01,2017-10-23T14:07:01
error,2017-10-23T14:01:01,2017-10-23T14:07:01
error,2017-10-23T14:01:01,2017-10-23T14:07:01
error,2017-10-23T14:01:01,2017-10-23T14:07:01
error,2017-10-23T14:01:01,2017-10-23T14:07:01
error,2017-10-23T14:01:01,2017-10-23T14:07:01
error,2017-10-23T14:01:01,2017-10-23T14:07:01
error,2017-10-23T14:01:01,2017-10-23T14:07:01
error,2017-10-23T14:01:01,2017-10-23T14:07:01
error,2017-10-23T14:01:01,2017-10-23T14:07:01
error,2017-10-23T14:01:01,2017-10-23T14:07:01
error,2017-10-23T14:01:01,2017-10-23T14:07:01
error,2017-10-23T14:01:01,2017-10-23T14:07:01
error,2017-10-23T14:01:01,2017-10-23T14:07:01
error,2017-10-23T14:01:01,2017-10-23T14:07:01
error,2017-10-23T14:01:01,2017-10-23T14:07:01
error,2017-10-23T14:01:01,2017-10-23T14:07:01
error,2017-10-23T14:01:01,2017-10-23T14:07:01
error,2017-10-23T14:01:01,2017-10-23T14:07:01
error,2017-10-23T14:01:01,2017-10-23T14:07:01
error,2017-10-23T14:01:01,2017-10-23T14:07:01
error,2017-10-23T14:01:01,2017-10-23T14:07:01
error,2017-10-23T14:01:01,2017-10-23T14:07:01
error,2017-10-23T14:01:01,2017-10-23T14:07:01
error,2017-10-23T14:01:01,2017-10-23T14:07:01
error,2017-10-23T14:01:01,2017-10-23T14:07:01
error,2017-10-23T14:01:01,2017-10-23T14:07:01
error,2017-10-23T14:01:01,2017-10-23T14:07:01
error,2017-10-23T14:01:01,2017-10-23T14:07:01
error,2017-10-23T14:01:01,2017-10-23T14:07:01
error,2017-10-23T14:01:01,2017-10-23T14:07:01
error,2017-10-23T14:01:01,2017-10-23T14:07:01
error,2017-10-23T14:01:01,2017-10-23T14:07:01
error,2017-10-23T14:01:01,2017-10-23T14:07:01
error,2017-10-23T14:01:01,2017-10-23T14:07:01
error,2017-10-23T14:01:01,2017-10-23T14:07:01
error,2017-10-23T14:01:01,2017-10-23T14:07:01
error,2017-10-23T14:01:01,2017-10-23T14:07:01
error,2017-10-23T14:01:01,2017-10-23T14:07:01
error,2017-10-23T14:01:01,2017-10-23T14:07:01
error,2017-10-23T14:01:01,2017-10-23T14:07:01
error,2017-10-23T14:01:01,2017-10-23T14:07:01
error,2017-10-23T14:01:01,2017-10-23T14:07:01
error,2017-10-23T14:01:01,2017-10-23T14:07:01
error,2017-10-23T14:01:01,2017-10-23T14:07:02
error,2017-10-23T14:01:01,2017-10-23T14:07:02
error,2017-10-23T14:01:01,2017-10-23T14:07:02
error,2017-10-23T14:01:02,2017-10-23T14:07:02
error,2017-10-23T14:01:02,2017-10-23T14:07:02
error,2017-10-23T14:01:02,2017-10-23T14:07:02
error,2017-10-23T14:01:02,2017-10-23T14:07:02
error,2017-10-23T14:01:02,2017-10-23T14:07:02
error,2017-10-23T14:01:02,2017-10-23T14:07:02
error,2017-10-23T14:01:02,2017-10-23T14:07:02
error,2017-10-23T14:01:02,2017-10-23T14:07:02
error,2017-10-23T14:01:02,2017-10-23T14:07:02
error,2017-10-23T14:01:02,2017-10-23T14:07:02
error,2017-10-23T14:01:02,2017-10-23T14:07:02
error,2017-10-23T14:01:02,2017-10-23T14:07:02
error,2017-10-23T14:01:02,2017-10-23T14:07:02
error,2017-10-23T14:01:02,2017-10-23T14:07:02
error,2017-10-23T14:01:02,2017-10-23T14:07:02
error,2017-10-23T14:01:02,2017-10-23T14:07:02
error,2017-10-23T14:01:02,2017-10-23T14:07:02
error,2017-10-23T14:01:02,2017-10-23T14:07:02
error,2017-10-23T14:01:02,2017-10-23T14:07:02
error,2017-10-23T14:01:02,2017-10-23T14:07:02
error,2017-10-23T14:01:02,2017-10-23T14:07:02
error,2017-10-23T14:01:02,2017-10-23T14:07:02
error,2017-10-23T14:01:02,2017-10-23T14:07:02
error,2017-10-23T14:01:02,2017-10-23T14:07:02
error,2017-10-23T14:01:02,2017-10-23T14:07:02
error,2017-10-23T14:01:02,2017-10-23T14:07:02
error,2017-10-23T14:01:02,2017-10-23T14:07:02
error,2017-10-23T14:01:02,2017-10-23T14:07:02
error,2017-10-23T14:01:02,2017-10-23T14:07:02
error,2017-10-23T14:01:02,2017-10-23T14:07:02
error,2017-10-23T14:01:02,2017-10-23T14:07:02
error,2017-10-23T14:01:02,2017-10-23T14:07:02
error,2017-10-23T14:01:02,2017-10-23T14:07:02
error,2017-10-23T14:01:02,2017-10-23T14:07:02
error,2017-10-23T14:01:02,2017-10-23T14:07:02
error,2017-10-23T14:01:02,2017-10-23T14:07:02
error,2017-10-23T14:01:02,2017-10-23T14:07:02
error,2017-10-23T14:01:02,2017-10-23T14:07:02
error,2017-10-23T14:01:02,2017-10-23T14:07:02
error,2017-10-23T14:01:02,2017-10-23T14:07:02
error,2017-10-23T14:01:02,2017-10-23T14:07:02
error,2017-10-23T14:01:02,2017-10-23T14:07:02
error,2017-10-23T14:01:02,2017-10-23T14:07:02
error,2017-10-23T14:01:02,2017-10-23T14:07:02
error,2017-10-23T14:01:02,2017-10-23T14:07:02
error,2017-10-23T14:01:02,2017-10-23T14:07:02
error,2017-10-23T14:01:02,2017-10-23T14:07:02
error,2017-10-23T14:01:02,2017-10-23T14:07:02
error,2017-10-23T14:01:02,2017-10-23T14:07:02
error,2017-10-23T14:01:02,2017-10-23T14:07:02
error,2017-10-23T14:01:02,2017-10-23T14:07:02
error,2017-10-23T14:01:02,2017-10-23T14:07:02
error,2017-10-23T14:01:02,2017-10-23T14:07:02
error,2017-10-23T14:01:02,2017-10-23T14:07:02
error,2017-10-23T14:01:02,2017-10-23T14:07:02
error,2017-10-23T14:01:02,2017-10-23T14:07:02
error,2017-10-23T14:01:02,2017-10-23T14:07:02
error,2017-10-23T14:01:02,2017-10-23T14:07:02
error,2017-10-23T14:01:02,2017-10-23T14:07:02
error,2017-10-23T14:01:02,2017-10-23T14:07:02
error,2017-10-23T14:01:02,2017-10-23T14:07:02
error,2017-10-23T14:01:02,2017-10-23T14:07:02
error,2017-10-23T14:01:02,2017-10-23T14:07:02
error,2017-10-23T14:01:02,2017-10-23T14:07:02
error,2017-10-23T14:01:02,2017-10-23T14:07:02
error,2017-10-23T14:01:02,2017-10-23T14:07:02
error,2017-10-23T14:01:02,2017-10-23T14:07:02
error,2017-10-23T14:01:02,2017-10-23T14:07:02
error,2017-10-23T14:01:02,2017-10-23T14:07:02
error,2017-10-23T14:01:02,2017-10-23T14:07:02
error,2017-10-23T14:01:02,2017-10-23T14:07:02
error,2017-10-23T14:01:02,2017-10-23T14:07:02
error,2017-10-23T14:01:02,2017-10-23T14:07:02
error,2017-10-23T14:01:02,2017-10-23T14:07:02
error,2017-10-23T14:01:02,2017-10-23T14:07:02
error,2017-10-23T14:01:02,2017-10-23T14:07:02
error,2017-10-23T14:01:02,2017-10-23T14:07:02
error,2017-10-23T14:01:02,2017-10-23T14:07:02
error,2017-10-23T14:01:02,2017-10-23T14:07:02
error,2017-10-23T14:01:02,2017-10-23T14:07:02
error,2017-10-23T14:01:02,2017-10-23T14:07:02
error,2017-10-23T14:01:02,2017-10-23T14:07:02
error,2017-10-23T14:01:02,2017-10-23T14:07:02
error,2017-10-23T14:01:02,2017-10-23T14:07:02
error,2017-10-23T14:01:02,2017-10-23T14:07:02
error,2017-10-23T14:01:02,2017-10-23T14:07:02
error,2017-10-23T14:01:02,2017-10-23T14:07:02
error,2017-10-23T14:01:02,2017-10-23T14:07:02
error,2017-10-23T14:01:02,2017-10-23T14:07:02
error,2017-10-23T14:01:02,2017-10-23T14:07:02
error,2017-10-23T14:01:02,2017-10-23T14:07:02
error,2017-10-23T14:01:02,2017-10-23T14:07:02
error,2017-10-23T14:01:02,2017-10-23T14:07:02
error,2017-10-23T14:01:02,2017-10-23T14:07:02
error,2017-10-23T14:01:02,2017-10-23T14:07:02
error,2017-10-23T14:01:02,2017-10-23T14:07:02
error,2017-10-23T14:01:02,2017-10-23T14:07:02
error,2017-10-23T14:01:02,2017-10-23T14:07:02
error,2017-10-23T14:01:02,2017-10-23T14:07:02
error,2017-10-23T14:01:02,2017-10-23T14:07:02
error,2017-10-23T14:01:02,2017-10-23T14:07:02
error,2017-10-23T14:01:02,2017-10-23T14:07:02
error,2017-10-23T14:01:02,2017-10-23T14:07:02
error,2017-10-23T14:01:02,2017-10-23T14:07:02
error,2017-10-23T14:01:02,2017-10-23T14:07:02
error,2017-10-23T14:01:02,2017-10-23T14:07:02
error,2017-10-23T14:01:02,2017-10-23T14:07:02
error,2017-10-23T14:01:02,2017-10-23T14:07:02
error,2017-10-23T14:01:02,2017-10-23T14:07:02
error,2017-10-23T14:01:02,2017-10-23T14:07:02
error,2017-10-23T14:01:02,2017-10-23T14:07:02
error,2017-10-23T14:01:02,2017-10-23T14:07:02
error,2017-10-23T14:01:02,2017-10-23T14:07:02
error,2017-10-23T14:01:02,2017-10-23T14:07:02
error,2017-10-23T14:01:02,2017-10-23T14:07:02
error,2017-10-23T14:01:02,2017-10-23T14:07:02
error,2017-10-23T14:01:02,2017-10-23T14:07:02
error,2017-10-23T14:01:02,2017-10-23T14:07:02
error,2017-10-23T14:01:02,2017-10-23T14:07:02
error,2017-10-23T14:01:02,2017-10-23T14:07:02
error,2017-10-23T14:01:02,2017-10-23T14:07:02
error,2017-10-23T14:01:02,2017-10-23T14:07:02
error,2017-10-23T14:01:02,2017-10-23T14:07:02
error,2017-10-23T14:01:02,2017-10-23T14:07:02
error,2017-10-23T14:01:02,2017-10-23T14:07:03
error,2017-10-23T14:01:03,2017-10-23T14:07:03
error,2017-10-23T14:01:03,2017-10-23T14:07:03
error,2017-10-23T14:01:03,2017-10-23T14:07:03
error,2017-10-23T14:01:03,2017-10-23T14:07:03
error,2017-10-23T14:01:03,2017-10-23T14:07:03
error,2017-10-23T14:01:03,2017-10-23T14:07:03
error,2017-10-23T14:01:03,2017-10-23T14:07:03
error,2017-10-23T14:01:03,2017-10-23T14:07:03
error,2017-10-23T14:01:03,2017-10-23T14:07:03
error,2017-10-23T14:01:03,2017-10-23T14:07:03
error,2017-10-23T14:01:03,2017-10-23T14:07:03
error,2017-10-23T14:01:03,2017-10-23T14:07:03
error,2017-10-23T14:01:03,2017-10-23T14:07:03
error,2017-10-23T14:01:03,2017-10-23T14:07:03
error,2017-10-23T14:01:03,2017-10-23T14:07:03
error,2017-10-23T14:01:03,2017-10-23T14:07:03
error,2017-10-23T14:01:03,2017-10-23T14:07:03
error,2017-10-23T14:01:03,2017-10-23T14:07:03
error,2017-10-23T14:01:03,2017-10-23T14:07:03
error,2017-10-23T14:01:03,2017-10-23T14:07:03
error,2017-10-23T14:01:03,2017-10-23T14:07:03
error,2017-10-23T14:01:03,2017-10-23T14:07:03
error,2017-10-23T14:01:03,2017-10-23T14:07:03
error,2017-10-23T14:01:03,2017-10-23T14:07:03
error,2017-10-23T14:01:03,2017-10-23T14:07:03
error,2017-10-23T14:01:03,2017-10-23T14:07:03
error,2017-10-23T14:01:03,2017-10-23T14:07:03
error,2017-10-23T14:01:03,2017-10-23T14:07:03
error,2017-10-23T14:01:03,2017-10-23T14:07:03
error,2017-10-23T14:01:03,2017-10-23T14:07:03
error,2017-10-23T14:01:03,2017-10-23T14:07:03
error,2017-10-23T14:01:03,2017-10-23T14:07:03
error,2017-10-23T14:01:03,2017-10-23T14:07:03
error,2017-10-23T14:01:03,2017-10-23T14:07:03
error,2017-10-23T14:01:03,2017-10-23T14:07:03
error,2017-10-23T14:01:03,2017-10-23T14:07:03
error,2017-10-23T14:01:03,2017-10-23T14:07:03
error,2017-10-23T14:01:03,2017-10-23T14:07:03
error,2017-10-23T14:01:03,2017-10-23T14:07:03
error,2017-10-23T14:01:03,2017-10-23T14:07:03
error,2017-10-23T14:01:03,2017-10-23T14:07:03
error,2017-10-23T14:01:03,2017-10-23T14:07:03
error,2017-10-23T14:01:03,2017-10-23T14:07:03
error,2017-10-23T14:01:03,2017-10-23T14:07:03
error,2017-10-23T14:01:03,2017-10-23T14:07:03
error,2017-10-23T14:01:03,2017-10-23T14:07:03
error,2017-10-23T14:01:03,2017-10-23T14:07:03
error,2017-10-23T14:01:03,2017-10-23T14:07:03
error,2017-10-23T14:01:03,2017-10-23T14:07:03
error,2017-10-23T14:01:03,2017-10-23T14:07:03
error,2017-10-23T14:01:03,2017-10-23T14:07:03
error,2017-10-23T14:01:03,2017-10-23T14:07:03
error,2017-10-23T14:01:03,2017-10-23T14:07:03
error,2017-10-23T14:01:03,2017-10-23T14:07:03
error,2017-10-23T14:01:03,2017-10-23T14:07:03
error,2017-10-23T14:01:03,2017-10-23T14:07:03
error,2017-10-23T14:01:03,2017-10-23T14:07:03
error,2017-10-23T14:01:03,2017-10-23T14:07:03
error,2017-10-23T14:01:03,2017-10-23T14:07:03
error,2017-10-23T14:01:03,2017-10-23T14:07:03
error,2017-10-23T14:01:03,2017-10-23T14:07:03
error,2017-10-23T14:01:03,2017-10-23T14:07:03
error,2017-10-23T14:01:03,2017-10-23T14:07:03
error,2017-10-23T14:01:03,2017-10-23T14:07:03
error,2017-10-23T14:01:03,2017-10-23T14:07:03
error,2017-10-23T14:01:03,2017-10-23T14:07:03
error,2017-10-23T14:01:03,2017-10-23T14:07:03
error,2017-10-23T14:01:03,2017-10-23T14:07:03
error,2017-10-23T14:01:03,2017-10-23T14:07:03
error,2017-10-23T14:01:03,2017-10-23T14:07:03
error,2017-10-23T14:01:03,2017-10-23T14:07:03
error,2017-10-23T14:01:03,2017-10-23T14:07:03
error,2017-10-23T14:01:03,2017-10-23T14:07:03
error,2017-10-23T14:01:03,2017-10-23T14:07:03
error,2017-10-23T14:01:03,2017-10-23T14:07:03
error,2017-10-23T14:01:03,2017-10-23T14:07:03
error,2017-10-23T14:01:03,2017-10-23T14:07:03
error,2017-10-23T14:01:03,2017-10-23T14:07:03
error,2017-10-23T14:01:03,2017-10-23T14:07:03
error,2017-10-23T14:01:03,2017-10-23T14:07:03
error,2017-10-23T14:01:03,2017-10-23T14:07:03
error,2017-10-23T14:01:03,2017-10-23T14:07:03
error,2017-10-23T14:01:03,2017-10-23T14:07:03
error,2017-10-23T14:01:03,2017-10-23T14:07:03
error,2017-10-23T14:01:03,2017-10-23T14:07:03
error,2017-10-23T14:01:03,2017-10-23T14:07:03
error,2017-10-23T14:01:03,2017-10-23T14:07:04
success,2017-10-23T14:06:55,2017-10-23T14:07:04
error,2017-10-23T14:01:04,2017-10-23T14:07:04
error,2017-10-23T14:01:04,2017-10-23T14:07:04
error,2017-10-23T14:01:04,2017-10-23T14:07:04
error,2017-10-23T14:01:04,2017-10-23T14:07:04
error,2017-10-23T14:01:04,2017-10-23T14:07:04
error,2017-10-23T14:01:04,2017-10-23T14:07:04
error,2017-10-23T14:01:04,2017-10-23T14:07:04
error,2017-10-23T14:01:04,2017-10-23T14:07:04
error,2017-10-23T14:01:04,2017-10-23T14:07:04
error,2017-10-23T14:01:04,2017-10-23T14:07:04
error,2017-10-23T14:01:04,2017-10-23T14:07:04
error,2017-10-23T14:01:04,2017-10-23T14:07:04
error,2017-10-23T14:01:04,2017-10-23T14:07:04
error,2017-10-23T14:01:04,2017-10-23T14:07:04
error,2017-10-23T14:01:04,2017-10-23T14:07:04
error,2017-10-23T14:01:04,2017-10-23T14:07:04
error,2017-10-23T14:01:04,2017-10-23T14:07:04
error,2017-10-23T14:01:04,2017-10-23T14:07:04
error,2017-10-23T14:01:04,2017-10-23T14:07:04
error,2017-10-23T14:01:04,2017-10-23T14:07:04
error,2017-10-23T14:01:04,2017-10-23T14:07:04
error,2017-10-23T14:01:04,2017-10-23T14:07:04
error,2017-10-23T14:01:04,2017-10-23T14:07:04
error,2017-10-23T14:01:04,2017-10-23T14:07:04
error,2017-10-23T14:01:04,2017-10-23T14:07:04
error,2017-10-23T14:01:04,2017-10-23T14:07:04
error,2017-10-23T14:01:04,2017-10-23T14:07:04
error,2017-10-23T14:01:04,2017-10-23T14:07:04
error,2017-10-23T14:01:04,2017-10-23T14:07:04
error,2017-10-23T14:01:04,2017-10-23T14:07:04
error,2017-10-23T14:01:04,2017-10-23T14:07:04
error,2017-10-23T14:01:04,2017-10-23T14:07:04
error,2017-10-23T14:01:04,2017-10-23T14:07:04
error,2017-10-23T14:01:04,2017-10-23T14:07:04
error,2017-10-23T14:01:04,2017-10-23T14:07:04
error,2017-10-23T14:01:04,2017-10-23T14:07:04
error,2017-10-23T14:01:04,2017-10-23T14:07:04
error,2017-10-23T14:01:04,2017-10-23T14:07:04
error,2017-10-23T14:01:04,2017-10-23T14:07:04
error,2017-10-23T14:01:04,2017-10-23T14:07:04
error,2017-10-23T14:01:04,2017-10-23T14:07:04
error,2017-10-23T14:01:04,2017-10-23T14:07:04
error,2017-10-23T14:01:04,2017-10-23T14:07:04
error,2017-10-23T14:01:04,2017-10-23T14:07:04
error,2017-10-23T14:01:04,2017-10-23T14:07:04
error,2017-10-23T14:01:04,2017-10-23T14:07:04
error,2017-10-23T14:01:04,2017-10-23T14:07:04
error,2017-10-23T14:01:04,2017-10-23T14:07:04
error,2017-10-23T14:01:04,2017-10-23T14:07:04
error,2017-10-23T14:01:04,2017-10-23T14:07:04
error,2017-10-23T14:01:04,2017-10-23T14:07:04
error,2017-10-23T14:01:04,2017-10-23T14:07:04
error,2017-10-23T14:01:04,2017-10-23T14:07:04
error,2017-10-23T14:01:04,2017-10-23T14:07:04
error,2017-10-23T14:01:04,2017-10-23T14:07:04
error,2017-10-23T14:01:04,2017-10-23T14:07:04
error,2017-10-23T14:01:04,2017-10-23T14:07:04
error,2017-10-23T14:01:04,2017-10-23T14:07:04
error,2017-10-23T14:01:04,2017-10-23T14:07:04
error,2017-10-23T14:01:04,2017-10-23T14:07:04
error,2017-10-23T14:01:04,2017-10-23T14:07:04
error,2017-10-23T14:01:04,2017-10-23T14:07:04
error,2017-10-23T14:01:04,2017-10-23T14:07:04
error,2017-10-23T14:01:04,2017-10-23T14:07:04
error,2017-10-23T14:01:04,2017-10-23T14:07:04
error,2017-10-23T14:01:04,2017-10-23T14:07:04
error,2017-10-23T14:01:04,2017-10-23T14:07:04
error,2017-10-23T14:01:04,2017-10-23T14:07:04
error,2017-10-23T14:01:04,2017-10-23T14:07:04
error,2017-10-23T14:01:04,2017-10-23T14:07:04
error,2017-10-23T14:01:04,2017-10-23T14:07:04
error,2017-10-23T14:01:04,2017-10-23T14:07:04
success,2017-10-23T14:06:56,2017-10-23T14:07:04
error,2017-10-23T14:01:04,2017-10-23T14:07:04
error,2017-10-23T14:01:04,2017-10-23T14:07:04
error,2017-10-23T14:01:04,2017-10-23T14:07:04
error,2017-10-23T14:01:04,2017-10-23T14:07:04
error,2017-10-23T14:01:04,2017-10-23T14:07:04
error,2017-10-23T14:01:04,2017-10-23T14:07:04
error,2017-10-23T14:01:04,2017-10-23T14:07:04
error,2017-10-23T14:01:04,2017-10-23T14:07:04
success,2017-10-23T14:06:56,2017-10-23T14:07:04
error,2017-10-23T14:01:04,2017-10-23T14:07:04
error,2017-10-23T14:01:04,2017-10-23T14:07:05
error,2017-10-23T14:01:05,2017-10-23T14:07:05
error,2017-10-23T14:01:05,2017-10-23T14:07:05
error,2017-10-23T14:01:05,2017-10-23T14:07:05
error,2017-10-23T14:01:05,2017-10-23T14:07:05
error,2017-10-23T14:01:05,2017-10-23T14:07:05
error,2017-10-23T14:01:05,2017-10-23T14:07:05
error,2017-10-23T14:01:05,2017-10-23T14:07:05
error,2017-10-23T14:01:05,2017-10-23T14:07:05
error,2017-10-23T14:01:05,2017-10-23T14:07:05
error,2017-10-23T14:01:05,2017-10-23T14:07:05
success,2017-10-23T14:06:57,2017-10-23T14:07:05
error,2017-10-23T14:01:05,2017-10-23T14:07:05
error,2017-10-23T14:01:05,2017-10-23T14:07:05
error,2017-10-23T14:01:05,2017-10-23T14:07:05
error,2017-10-23T14:01:05,2017-10-23T14:07:05
error,2017-10-23T14:01:05,2017-10-23T14:07:05
error,2017-10-23T14:01:05,2017-10-23T14:07:05
error,2017-10-23T14:01:05,2017-10-23T14:07:05
error,2017-10-23T14:01:05,2017-10-23T14:07:05
error,2017-10-23T14:01:05,2017-10-23T14:07:05
error,2017-10-23T14:01:05,2017-10-23T14:07:05
error,2017-10-23T14:01:05,2017-10-23T14:07:05
error,2017-10-23T14:01:05,2017-10-23T14:07:05
error,2017-10-23T14:01:05,2017-10-23T14:07:05
error,2017-10-23T14:01:05,2017-10-23T14:07:05
error,2017-10-23T14:01:05,2017-10-23T14:07:05
error,2017-10-23T14:01:05,2017-10-23T14:07:05
error,2017-10-23T14:01:05,2017-10-23T14:07:05
error,2017-10-23T14:01:05,2017-10-23T14:07:05
error,2017-10-23T14:01:05,2017-10-23T14:07:05
error,2017-10-23T14:01:05,2017-10-23T14:07:05
error,2017-10-23T14:01:05,2017-10-23T14:07:05
error,2017-10-23T14:01:05,2017-10-23T14:07:05
error,2017-10-23T14:01:05,2017-10-23T14:07:05
error,2017-10-23T14:01:05,2017-10-23T14:07:05
error,2017-10-23T14:01:05,2017-10-23T14:07:05
error,2017-10-23T14:01:05,2017-10-23T14:07:05
error,2017-10-23T14:01:05,2017-10-23T14:07:05
error,2017-10-23T14:01:05,2017-10-23T14:07:05
error,2017-10-23T14:01:05,2017-10-23T14:07:05
error,2017-10-23T14:01:05,2017-10-23T14:07:05
error,2017-10-23T14:01:05,2017-10-23T14:07:05
error,2017-10-23T14:01:05,2017-10-23T14:07:05
error,2017-10-23T14:01:05,2017-10-23T14:07:05
error,2017-10-23T14:01:05,2017-10-23T14:07:05
error,2017-10-23T14:01:05,2017-10-23T14:07:05
error,2017-10-23T14:01:05,2017-10-23T14:07:05
error,2017-10-23T14:01:05,2017-10-23T14:07:05
error,2017-10-23T14:01:05,2017-10-23T14:07:05
error,2017-10-23T14:01:05,2017-10-23T14:07:05
error,2017-10-23T14:01:05,2017-10-23T14:07:05
error,2017-10-23T14:01:05,2017-10-23T14:07:05
error,2017-10-23T14:01:05,2017-10-23T14:07:05
error,2017-10-23T14:01:05,2017-10-23T14:07:05
error,2017-10-23T14:01:05,2017-10-23T14:07:05
error,2017-10-23T14:01:05,2017-10-23T14:07:05
error,2017-10-23T14:01:05,2017-10-23T14:07:05
error,2017-10-23T14:01:05,2017-10-23T14:07:05
error,2017-10-23T14:01:05,2017-10-23T14:07:05
error,2017-10-23T14:01:05,2017-10-23T14:07:05
error,2017-10-23T14:01:05,2017-10-23T14:07:05
error,2017-10-23T14:01:05,2017-10-23T14:07:05
error,2017-10-23T14:01:05,2017-10-23T14:07:05
error,2017-10-23T14:01:05,2017-10-23T14:07:05
error,2017-10-23T14:01:05,2017-10-23T14:07:05
error,2017-10-23T14:01:05,2017-10-23T14:07:05
error,2017-10-23T14:01:05,2017-10-23T14:07:05
error,2017-10-23T14:01:05,2017-10-23T14:07:05
error,2017-10-23T14:01:05,2017-10-23T14:07:05
error,2017-10-23T14:01:05,2017-10-23T14:07:05
error,2017-10-23T14:01:05,2017-10-23T14:07:05
error,2017-10-23T14:01:05,2017-10-23T14:07:05
error,2017-10-23T14:01:05,2017-10-23T14:07:06
error,2017-10-23T14:01:05,2017-10-23T14:07:06
error,2017-10-23T14:01:06,2017-10-23T14:07:06
error,2017-10-23T14:01:06,2017-10-23T14:07:06
error,2017-10-23T14:01:06,2017-10-23T14:07:06
error,2017-10-23T14:01:06,2017-10-23T14:07:06
error,2017-10-23T14:01:06,2017-10-23T14:07:06
error,2017-10-23T14:01:06,2017-10-23T14:07:06
error,2017-10-23T14:01:06,2017-10-23T14:07:06
error,2017-10-23T14:01:06,2017-10-23T14:07:06
error,2017-10-23T14:01:06,2017-10-23T14:07:06
error,2017-10-23T14:01:06,2017-10-23T14:07:06
error,2017-10-23T14:01:06,2017-10-23T14:07:06
error,2017-10-23T14:01:06,2017-10-23T14:07:06
error,2017-10-23T14:01:06,2017-10-23T14:07:06
error,2017-10-23T14:01:06,2017-10-23T14:07:06
error,2017-10-23T14:01:06,2017-10-23T14:07:06
error,2017-10-23T14:01:06,2017-10-23T14:07:06
error,2017-10-23T14:01:06,2017-10-23T14:07:06
error,2017-10-23T14:01:06,2017-10-23T14:07:06
error,2017-10-23T14:01:06,2017-10-23T14:07:06
error,2017-10-23T14:01:06,2017-10-23T14:07:06
error,2017-10-23T14:01:06,2017-10-23T14:07:06
error,2017-10-23T14:01:06,2017-10-23T14:07:06
error,2017-10-23T14:01:06,2017-10-23T14:07:06
error,2017-10-23T14:01:06,2017-10-23T14:07:06
error,2017-10-23T14:01:06,2017-10-23T14:07:06
error,2017-10-23T14:01:06,2017-10-23T14:07:06
error,2017-10-23T14:01:06,2017-10-23T14:07:06
error,2017-10-23T14:01:06,2017-10-23T14:07:06
error,2017-10-23T14:01:06,2017-10-23T14:07:06
error,2017-10-23T14:01:06,2017-10-23T14:07:06
error,2017-10-23T14:01:06,2017-10-23T14:07:07
error,2017-10-23T14:01:07,2017-10-23T14:07:07
error,2017-10-23T14:01:07,2017-10-23T14:07:07
error,2017-10-23T14:01:07,2017-10-23T14:07:07
error,2017-10-23T14:01:07,2017-10-23T14:07:07
error,2017-10-23T14:01:07,2017-10-23T14:07:07
error,2017-10-23T14:01:07,2017-10-23T14:07:07
error,2017-10-23T14:01:07,2017-10-23T14:07:07
error,2017-10-23T14:01:07,2017-10-23T14:07:07
error,2017-10-23T14:01:07,2017-10-23T14:07:07
error,2017-10-23T14:01:07,2017-10-23T14:07:07
error,2017-10-23T14:01:07,2017-10-23T14:07:07
error,2017-10-23T14:01:07,2017-10-23T14:07:07
error,2017-10-23T14:01:07,2017-10-23T14:07:07
error,2017-10-23T14:01:07,2017-10-23T14:07:07
error,2017-10-23T14:01:08,2017-10-23T14:07:08
error,2017-10-23T14:01:08,2017-10-23T14:07:08
error,2017-10-23T14:01:08,2017-10-23T14:07:08
error,2017-10-23T14:01:08,2017-10-23T14:07:08
error,2017-10-23T14:01:08,2017-10-23T14:07:08
error,2017-10-23T14:01:08,2017-10-23T14:07:08
error,2017-10-23T14:01:08,2017-10-23T14:07:08
error,2017-10-23T14:01:08,2017-10-23T14:07:08
error,2017-10-23T14:01:08,2017-10-23T14:07:08
error,2017-10-23T14:01:08,2017-10-23T14:07:08
error,2017-10-23T14:01:08,2017-10-23T14:07:08
error,2017-10-23T14:01:08,2017-10-23T14:07:08
error,2017-10-23T14:01:08,2017-10-23T14:07:08
error,2017-10-23T14:01:08,2017-10-23T14:07:08
error,2017-10-23T14:01:08,2017-10-23T14:07:08
error,2017-10-23T14:01:08,2017-10-23T14:07:08
error,2017-10-23T14:01:08,2017-10-23T14:07:09
error,2017-10-23T14:01:09,2017-10-23T14:07:09
error,2017-10-23T14:01:09,2017-10-23T14:07:09
error,2017-10-23T14:01:09,2017-10-23T14:07:09
error,2017-10-23T14:01:09,2017-10-23T14:07:09
error,2017-10-23T14:01:09,2017-10-23T14:07:09
error,2017-10-23T14:01:09,2017-10-23T14:07:09
error,2017-10-23T14:01:09,2017-10-23T14:07:09
error,2017-10-23T14:01:09,2017-10-23T14:07:09
error,2017-10-23T14:01:09,2017-10-23T14:07:09
error,2017-10-23T14:01:09,2017-10-23T14:07:09
error,2017-10-23T14:01:10,2017-10-23T14:07:10
error,2017-10-23T14:01:10,2017-10-23T14:07:10
error,2017-10-23T14:01:09,2017-10-23T14:07:10
error,2017-10-23T14:01:10,2017-10-23T14:07:10
error,2017-10-23T14:01:10,2017-10-23T14:07:10
error,2017-10-23T14:01:10,2017-10-23T14:07:10
error,2017-10-23T14:01:10,2017-10-23T14:07:10
error,2017-10-23T14:01:10,2017-10-23T14:07:10
error,2017-10-23T14:01:10,2017-10-23T14:07:10
error,2017-10-23T14:01:10,2017-10-23T14:07:10
error,2017-10-23T14:01:10,2017-10-23T14:07:10
error,2017-10-23T14:01:11,2017-10-23T14:07:11
error,2017-10-23T14:01:11,2017-10-23T14:07:11
success,2017-10-23T14:07:04,2017-10-23T14:07:12
error,2017-10-23T14:01:12,2017-10-23T14:07:12
error,2017-10-23T14:01:12,2017-10-23T14:07:12
success,2017-10-23T14:07:04,2017-10-23T14:07:12
error,2017-10-23T14:01:12,2017-10-23T14:07:12
error,2017-10-23T14:01:12,2017-10-23T14:07:13
success,2017-10-23T14:07:05,2017-10-23T14:07:13
error,2017-10-23T14:01:13,2017-10-23T14:07:13
error,2017-10-23T14:01:15,2017-10-23T14:07:15
error,2017-10-23T14:01:15,2017-10-23T14:07:15
error,2017-10-23T14:01:15,2017-10-23T14:07:15
error,2017-10-23T14:01:15,2017-10-23T14:07:15
error,2017-10-23T14:01:15,2017-10-23T14:07:15
error,2017-10-23T14:01:15,2017-10-23T14:07:15
success,2017-10-23T14:07:12,2017-10-23T14:07:21
error,2017-10-23T14:01:23,2017-10-23T14:07:23
error,2017-10-23T14:01:23,2017-10-23T14:07:23
error,2017-10-23T14:01:23,2017-10-23T14:07:23
error,2017-10-23T14:01:23,2017-10-23T14:07:23
error,2017-10-23T14:01:23,2017-10-23T14:07:23
success,2017-10-23T14:07:21,2017-10-23T14:07:29
error,2017-10-23T14:01:31,2017-10-23T14:07:31
error,2017-10-23T14:01:31,2017-10-23T14:07:31
error,2017-10-23T14:01:31,2017-10-23T14:07:31
error,2017-10-23T14:01:31,2017-10-23T14:07:31
success,2017-10-23T14:07:29,2017-10-23T14:07:37
error,2017-10-23T14:01:39,2017-10-23T14:07:39
error,2017-10-23T14:01:39,2017-10-23T14:07:39
error,2017-10-23T14:01:39,2017-10-23T14:07:39
error,2017-10-23T14:01:39,2017-10-23T14:07:39
error,2017-10-23T14:01:47,2017-10-23T14:07:47
error,2017-10-23T14:01:47,2017-10-23T14:07:47
error,2017-10-23T14:01:47,2017-10-23T14:07:47
error,2017-10-23T14:01:47,2017-10-23T14:07:47
success,2017-10-23T14:04:05,2017-10-23T14:08:00
success,2017-10-23T14:06:07,2017-10-23T14:08:00
success,2017-10-23T14:06:39,2017-10-23T14:08:01
success,2017-10-23T14:06:15,2017-10-23T14:08:01
success,2017-10-23T14:06:47,2017-10-23T14:08:01
success,2017-10-23T14:08:00,2017-10-23T14:08:04
success,2017-10-23T14:08:01,2017-10-23T14:08:04
